{"cameraMode":{"drawMode":0,"name":"Shaded","section":"Shading Mode"},"sceneLighting":false,"audioPlay":false,"sceneViewState":{"showFog":true,"showMaterialUpdate":false,"showSkybox":false,"showFlares":true,"showImageEffects":true,"showParticleSystems":true},"in2DMode":false,"pivot":{"x":15.016973495483399,"y":0.9826228618621826,"z":0.0},"rotation":{"x":-0.11115095019340515,"y":0.2623646557331085,"z":-0.030438559129834176,"w":-0.9580625295639038},"size":6.419253349304199,"orthographic":true}