{"cameraMode":{"drawMode":0,"name":"Shaded","section":"Shading Mode"},"sceneLighting":false,"audioPlay":false,"sceneViewState":{"showFog":true,"showMaterialUpdate":false,"showSkybox":false,"showFlares":true,"showImageEffects":true,"showParticleSystems":true},"in2DMode":false,"pivot":{"x":0.20703125,"y":0.6006180644035339,"z":14.744733810424805},"rotation":{"x":-0.714277982711792,"y":0.0031493136193603279,"z":-0.0032143034040927889,"w":-0.6998476386070252},"size":10.61868667602539,"orthographic":true}