{"cameraMode":{"drawMode":0,"name":"Shaded","section":"Shading Mode"},"sceneLighting":false,"audioPlay":false,"sceneViewState":{"showFog":true,"showMaterialUpdate":false,"showSkybox":false,"showFlares":true,"showImageEffects":true,"showParticleSystems":true},"in2DMode":false,"pivot":{"x":14.396238327026368,"y":1.7628098726272584,"z":0.1013256311416626},"rotation":{"x":0.3048624098300934,"y":0.0242826696485281,"z":-0.007775675039738417,"w":0.9520550966262817},"size":18.030363082885743,"orthographic":true}