{"cameraMode":{"drawMode":0,"name":"Shaded","section":"Shading Mode"},"sceneLighting":false,"audioPlay":false,"sceneViewState":{"showFog":true,"showMaterialUpdate":false,"showSkybox":false,"showFlares":true,"showImageEffects":true,"showParticleSystems":true},"in2DMode":false,"pivot":{"x":11.917770385742188,"y":1.4013671875,"z":16.37939453125},"rotation":{"x":0.7175682783126831,"y":-0.009401287883520127,"z":0.009687730111181736,"w":0.6963573694229126},"size":6.737244606018066,"orthographic":true}